"Message",Low,"Starting .NET Native compilation"
"Message",Low,""
"Message",Low,""
"Message",Low,"Task ""Gatekeeper"""
"Message",Normal,"Launching 'C:\Users\j.villanueva\.nuget\packages\microsoft.net.native.compiler\1.7.0\tools\x86\ilc\Tools\Gatekeeper.exe @""C:\Users\j.villanueva\Source\Repos\SmartMirror\SmartMirror\SmartMirrorWinUniv\obj\x86\Release\ilc\intermediate\gkargs.rsp""'"
"Message",Low,"Microsoft (R) .NET Native Gatekeeper Version 1.7.25531.01 "
"Message",Low,"Copyright (C) Microsoft Corporation.  All rights reserved. "
"Message",Low," "
"Message",Low,"Checking assembly 'C:\Users\j.villanueva\Source\Repos\SmartMirror\SmartMirror\SmartMirrorWinUniv\obj\x86\Release\ilc\in\DarkSkyCore.dll'. "
"Message",Low,"Checking assembly 'C:\Users\j.villanueva\Source\Repos\SmartMirror\SmartMirror\SmartMirrorWinUniv\obj\x86\Release\ilc\in\Google.Apis.Auth.dll'. "
"Message",Low,"Checking assembly 'C:\Users\j.villanueva\Source\Repos\SmartMirror\SmartMirror\SmartMirrorWinUniv\obj\x86\Release\ilc\in\Google.Apis.Auth.PlatformServices.dll'. "
"Message",Low,"Checking assembly 'C:\Users\j.villanueva\Source\Repos\SmartMirror\SmartMirror\SmartMirrorWinUniv\obj\x86\Release\ilc\in\Google.Apis.Calendar.v3.dll'. "
"Message",Low,"Checking assembly 'C:\Users\j.villanueva\Source\Repos\SmartMirror\SmartMirror\SmartMirrorWinUniv\obj\x86\Release\ilc\in\Google.Apis.Core.dll'. "
"Message",Low,"Checking assembly 'C:\Users\j.villanueva\Source\Repos\SmartMirror\SmartMirror\SmartMirrorWinUniv\obj\x86\Release\ilc\in\Google.Apis.dll'. "
"Message",Low,"Checking assembly 'C:\Users\j.villanueva\Source\Repos\SmartMirror\SmartMirror\SmartMirrorWinUniv\obj\x86\Release\ilc\in\Newtonsoft.Json.dll'. "
"Message",Low,"Checking assembly 'C:\Users\j.villanueva\Source\Repos\SmartMirror\SmartMirror\SmartMirrorWinUniv\obj\x86\Release\ilc\in\NodaTime.dll'. "
"Message",Low,"Checking assembly 'C:\Users\j.villanueva\Source\Repos\SmartMirror\SmartMirror\SmartMirrorWinUniv\obj\x86\Release\ilc\in\SmartMirrorWinUniv.exe'. "
"Message",Normal,"'C:\Users\j.villanueva\.nuget\packages\microsoft.net.native.compiler\1.7.0\tools\x86\ilc\Tools\Gatekeeper.exe @""C:\Users\j.villanueva\Source\Repos\SmartMirror\SmartMirror\SmartMirrorWinUniv\obj\x86\Release\ilc\intermediate\gkargs.rsp""' completed."
"Message",Normal,"Process execution statistics (all times in milliseconds)"
"Message",Normal,"-----------------------------------------------------------------------------"
"Message",Normal,"launch  |  start   |   stop   |   end    | duration | lifetime | [slot] name"
"Message",Normal,"-----------------------------------------------------------------------------"
"Message",Normal,"       0 |       31 |      625 |      625 |      594 |      625 | [0] Gatekeeper"
"Message",Normal,"Number of commands:      1"
"Message",Normal,"Total system time:       625 ms"
"Message",Normal,"System time per command: 625 ms"
"Message",Normal,"Total duration:          594 ms"
"Message",Normal,"Total lifetime:          625 ms"
"Message",Normal,"Requested DOP:           8"
"Message",Normal,"Duration DOP:            1.0"
"Message",Normal,"Lifetime DOP:            1.0"
"Message",Low,"Done executing task ""Gatekeeper""."
"Message",Low,"Done building target ""RunGatekeeper"" in file ""Preparation""."
"Message",Low,""
"Message",Low,"Task ""InjectWindowsRuntimeTypeForwards"""
"Message",Normal,"Running 'InjectWindowsRuntimeTypeForwards' transform, heap at 16 MB."
"Message",Normal,"Running 'WriteAssemblies' transform, heap at 20 MB."
"Message",Normal,""
"Message",Normal,"Transform summary"
"Message",Normal,"    ms | heap delta | name"
"Message",Normal,"   157 |          4 | InjectWindowsRuntimeTypeForwards"
"Message",Normal,"    74 |          2 | WriteAssemblies"
"Message",Low,"Done executing task ""InjectWindowsRuntimeTypeForwards""."
"Message",Low,"Done building target ""InjectWindowRuntimeTypeForwards"" in file ""Preparation""."
"Message",Low,""
"Message",Low,"Task ""PreResolveAssemblyClosure"""
"Warning",,0,0,"ILTransform : warning ILT0010: Could not find assembly 'System.Diagnostics.Process, Version=4.0.0.0, Culture=neutral, PublicKeyToken=b03f5f7f11d50a3a' referenced by 'Google.Apis.Auth'."
"Message",Low,"Done executing task ""PreResolveAssemblyClosure""."
"Message",Low,"Task ""PreResolveTransforms"""
"Message",Normal,"Running 'ResolveSelfReferences' transform, heap at 33 MB."
"Message",Normal,"Running 'RemoveDuplicateMembers' transform, heap at 58 MB."
"Message",Normal,"Running 'PortableLib' transform, heap at 58 MB."
"Message",Normal,"Running 'WriteAssemblies' transform, heap at 103 MB."
"Message",Normal,""
"Message",Normal,"Transform summary"
"Message",Normal,"    ms | heap delta | name"
"Message",Normal,"   347 |        -49 | WriteAssemblies"
"Message",Normal,"   345 |         25 | ResolveSelfReferences"
"Message",Normal,"   233 |         45 | PortableLib"
"Message",Normal,"     0 |          0 | RemoveDuplicateMembers"
"Message",Low,"Done executing task ""PreResolveTransforms""."
"Message",Low,"Done building target ""PreResolveTransforms"" in file ""Preparation""."
"Message",Low,""
"Message",Low,"Task ""InitialAssemblyClosure"""
"Message",Low,"Done executing task ""InitialAssemblyClosure""."
"Message",Low,"Task ""ResolveInitialReferencesAssemblyClosure1"""
"Warning",,0,0,"ILTransform : warning ILT0010: Could not find assembly 'System.Diagnostics.Process, Version=4.0.0.0, Culture=neutral, PublicKeyToken=b03f5f7f11d50a3a' referenced by 'Google.Apis.Auth'."
"Message",Low,"Done executing task ""ResolveInitialReferencesAssemblyClosure1""."
"Message",Low,"Task ""ResolveInitialReferencesAssemblyClosure2"""
"Warning",,0,0,"ILTransform : warning ILT0010: Could not find assembly 'System.Diagnostics.Process, Version=4.0.0.0, Culture=neutral, PublicKeyToken=b03f5f7f11d50a3a' referenced by 'Google.Apis.Auth'."
"Message",Low,"Done executing task ""ResolveInitialReferencesAssemblyClosure2""."
"Message",Low,"Done building target ""ResolveInitialReferences"" in file ""Preparation""."
"Message",Low,"Done building project ""Preparation""."
"Message",Low,""
"Message",Low,""
"Message",High,"Processing application code"
"Message",Low,"Task ""ValidateSimpleNames"""
"Message",Low,"Done executing task ""ValidateSimpleNames""."
"Message",Low,"Task ""McgContractsResolveFilePath"""
"Message",Low,"Done executing task ""McgContractsResolveFilePath""."
"Message",Low,"Task ""McgFacadeResolveFilePath"""
"Message",Low,"Done executing task ""McgFacadeResolveFilePath""."
"Message",Low,"Task ""FinalAssemblyClosureRootsResolveFilePaths"""
"Message",Low,"Done executing task ""FinalAssemblyClosureRootsResolveFilePaths""."
"Message",Low,"Task ""FinalAssemblyClosure"""
"Warning",,0,0,"ILTransform : warning ILT0010: Could not find assembly 'System.Diagnostics.Process, Version=4.0.0.0, Culture=neutral, PublicKeyToken=b03f5f7f11d50a3a' referenced by 'Google.Apis.Auth'."
"Message",Low,"Done executing task ""FinalAssemblyClosure""."
"Message",Low,"Task ""RunILTransforms"""
"Message",Normal,"Running 'Analysis' transform, heap at 85 MB."
"Message",Low,"Loading 102 modules..."
"Message",Normal,"Imported reflection directives from 15 files:"
"Message",Normal,"C:\Users\j.villanueva\Source\Repos\SmartMirror\SmartMirror\SmartMirrorWinUniv\obj\x86\Release\ilc\in\Properties\Default.rd.xml"
"Message",Normal,"Embedded manifest in System.Diagnostics.Tracing: Resources.System.Diagnostics.Tracing.rd.xml"
"Message",Normal,"Embedded manifest in System.Private.Reflection: System.Private.Reflection.rd.xml"
"Message",Normal,"Embedded manifest in System.Private.CoreLib: Resources.System.Private.CoreLib.rd.xml"
"Message",Normal,"Embedded manifest in System.Private.Uri: Resources.System.Private.Uri.rd.xml"
"Message",Normal,"Embedded manifest in System.Private.Reflection.Core: System.Private.Reflection.Core.rd.xml"
"Message",Normal,"Embedded manifest in System.Dynamic.Runtime: Resources.System.Dynamic.Runtime.rd.xml"
"Message",Normal,"Embedded manifest in Microsoft.CSharp: Microsoft.CSharp.Resources.Microsoft.CSharp.rd.xml"
"Message",Normal,"Embedded manifest in System.Runtime.Serialization.Primitives: System.Runtime.Serialization.Primitives.Resources.System.Runtime.Serialization.Primitives.rd.xml"
"Message",Normal,"Embedded manifest in System.Linq.Expressions: Resources.System.Linq.Expressions.rd.xml"
"Message",Normal,"Embedded manifest in System.Xml.XDocument: System.Xml.Resources.System.Xml.XDocument.rd.xml"
"Message",Normal,"Embedded manifest in System.Private.PortableThunks: Resources.System.Private.PortableThunks.rd.xml"
"Message",Normal,"Embedded manifest in System.Xml.ReaderWriter: System.Xml.Resources.System.Xml.ReaderWriter.rd.xml"
"Message",Normal,"Embedded manifest in System.Private.Interop: Resources.System.Private.Interop.rd.xml"
"Message",Normal,"Newtonsoft.Json"
"Message",Normal,"Imported XAML Roots from 1 files:"
"Message",Normal,"C:\Users\j.villanueva\Source\Repos\SmartMirror\SmartMirror\SmartMirrorWinUniv\obj\x86\Release\ilc\in\SmartMirrorWinUniv.xr.xml"
"Message",Normal,"Running 'Mcg' transform, heap at 239 MB."
"Message",High,"Computing application closure and generating interop code"
"Message",Normal,"  List of .lib files:"
"Message",Normal,"      WindowsApp.lib"
"Message",Normal,"      winsqlite3.lib"
"Message",Normal,"  List of .lib search paths:"
"Message",Normal,"      C:\Program Files (x86)\Windows Kits\10\lib\10.0.15063.0\um\x86"
"Message",Normal,"  Loading exports from libs..."
"Message",Normal,"      2875 exports read from 'C:\Program Files (x86)\Windows Kits\10\lib\10.0.15063.0\um\x86\WindowsApp.lib'."
"Message",Normal,"      237 exports read from 'C:\Program Files (x86)\Windows Kits\10\lib\10.0.15063.0\um\x86\winsqlite3.lib'."
"Message",High,"  Loading 102 modules..."
"Message",Normal,"          P/Invoke 'RhWaitForPendingFinalizers' with [DllImport(ExactSpelling=true)] resolved to '[MRT]!RhWaitForPendingFinalizers'."
"Message",Normal,"          P/Invoke 'RhYield' with [DllImport(ExactSpelling=true)] resolved to '[MRT]!RhYield'."
"Message",Normal,"          P/Invoke 'RhCompatibleReentrantWaitAny' with [DllImport(ExactSpelling=true)] resolved to '[MRT]!RhCompatibleReentrantWaitAny'."
"Message",Normal,"          P/Invoke '_ecvt_s' with [DllImport(ExactSpelling=true)] resolved to '[MRT]!_ecvt_s'."
"Message",Normal,"          P/Invoke 'memmove' with [DllImport(ExactSpelling=true)] resolved to '[MRT]!memmove'."
"Message",Normal,"          P/Invoke 'CallingConventionConverter_GetStubs' with [DllImport(ExactSpelling=true)] resolved to '*!CallingConventionConverter_GetStubs'."
"Message",Normal,"          P/Invoke 'GetLastError' resolved to 'api-ms-win-core-errorhandling-l1-1-1.dll!GetLastError' from 'C:\Program Files (x86)\Windows Kits\10\lib\10.0.15063.0\um\x86\WindowsApp.lib'."
"Message",Normal,"          P/Invoke 'RoInitialize' resolved to 'api-ms-win-core-winrt-l1-1-0.dll!RoInitialize' from 'C:\Program Files (x86)\Windows Kits\10\lib\10.0.15063.0\um\x86\WindowsApp.lib'."
"Message",Normal,"          P/Invoke 'IsValidLocaleName' resolved to 'api-ms-win-core-localization-l1-2-1.dll!IsValidLocaleName' from 'C:\Program Files (x86)\Windows Kits\10\lib\10.0.15063.0\um\x86\WindowsApp.lib'."
"Message",Normal,"          P/Invoke 'ResolveLocaleName' resolved to 'api-ms-win-core-localization-l1-2-1.dll!ResolveLocaleName' from 'C:\Program Files (x86)\Windows Kits\10\lib\10.0.15063.0\um\x86\WindowsApp.lib'."
"Message",Normal,"          P/Invoke '#6' resolved to 'ws2_32.dll!#6' from 'C:\Program Files (x86)\Windows Kits\10\lib\10.0.15063.0\um\x86\WindowsApp.lib'."
"Message",Normal,"          P/Invoke 'GetCPInfoExW' resolved to 'api-ms-win-core-localization-l1-2-1.dll!GetCPInfoExW' from 'C:\Program Files (x86)\Windows Kits\10\lib\10.0.15063.0\um\x86\WindowsApp.lib'."
"Message",Normal,"          P/Invoke 'NCryptImportKey' resolved to 'ncrypt.dll!NCryptImportKey' from 'C:\Program Files (x86)\Windows Kits\10\lib\10.0.15063.0\um\x86\WindowsApp.lib'."
"Message",Normal,"          P/Invoke 'NCryptSignHash' resolved to 'ncrypt.dll!NCryptSignHash' from 'C:\Program Files (x86)\Windows Kits\10\lib\10.0.15063.0\um\x86\WindowsApp.lib'."
"Message",Normal,"          P/Invoke 'NCryptVerifySignature' resolved to 'ncrypt.dll!NCryptVerifySignature' from 'C:\Program Files (x86)\Windows Kits\10\lib\10.0.15063.0\um\x86\WindowsApp.lib'."
"Message",Normal,"          P/Invoke 'NCryptFreeObject' resolved to 'ncrypt.dll!NCryptFreeObject' from 'C:\Program Files (x86)\Windows Kits\10\lib\10.0.15063.0\um\x86\WindowsApp.lib'."
"Message",Normal,"          P/Invoke '#13' resolved to 'ws2_32.dll!#13' from 'C:\Program Files (x86)\Windows Kits\10\lib\10.0.15063.0\um\x86\WindowsApp.lib'."
"Message",Normal,"          P/Invoke '#18' resolved to 'ws2_32.dll!#18' from 'C:\Program Files (x86)\Windows Kits\10\lib\10.0.15063.0\um\x86\WindowsApp.lib'."
"Message",Normal,"          P/Invoke '#18' resolved to 'ws2_32.dll!#18' from 'C:\Program Files (x86)\Windows Kits\10\lib\10.0.15063.0\um\x86\WindowsApp.lib'."
"Message",Normal,"          P/Invoke '#10' resolved to 'ws2_32.dll!#10' from 'C:\Program Files (x86)\Windows Kits\10\lib\10.0.15063.0\um\x86\WindowsApp.lib'."
"Message",Normal,"          P/Invoke '#22' resolved to 'ws2_32.dll!#22' from 'C:\Program Files (x86)\Windows Kits\10\lib\10.0.15063.0\um\x86\WindowsApp.lib'."
"Message",Normal,"          P/Invoke '#21' resolved to 'ws2_32.dll!#21' from 'C:\Program Files (x86)\Windows Kits\10\lib\10.0.15063.0\um\x86\WindowsApp.lib'."
"Message",Normal,"          P/Invoke '#16' resolved to 'ws2_32.dll!#16' from 'C:\Program Files (x86)\Windows Kits\10\lib\10.0.15063.0\um\x86\WindowsApp.lib'."
"Message",Normal,"          P/Invoke 'BCryptCreateHash' resolved to 'bcrypt.dll!BCryptCreateHash' from 'C:\Program Files (x86)\Windows Kits\10\lib\10.0.15063.0\um\x86\WindowsApp.lib'."
"Message",Normal,"          P/Invoke 'BCryptGetProperty' resolved to 'bcrypt.dll!BCryptGetProperty' from 'C:\Program Files (x86)\Windows Kits\10\lib\10.0.15063.0\um\x86\WindowsApp.lib'."
"Message",Normal,"          P/Invoke 'NCryptSetProperty' resolved to 'ncrypt.dll!NCryptSetProperty' from 'C:\Program Files (x86)\Windows Kits\10\lib\10.0.15063.0\um\x86\WindowsApp.lib'."
"Message",Normal,"          P/Invoke 'NCryptGetProperty' resolved to 'ncrypt.dll!NCryptGetProperty' from 'C:\Program Files (x86)\Windows Kits\10\lib\10.0.15063.0\um\x86\WindowsApp.lib'."
"Message",Normal,"          P/Invoke 'NCryptCreatePersistedKey' resolved to 'ncrypt.dll!NCryptCreatePersistedKey' from 'C:\Program Files (x86)\Windows Kits\10\lib\10.0.15063.0\um\x86\WindowsApp.lib'."
"Message",Normal,"          P/Invoke 'NCryptFinalizeKey' resolved to 'ncrypt.dll!NCryptFinalizeKey' from 'C:\Program Files (x86)\Windows Kits\10\lib\10.0.15063.0\um\x86\WindowsApp.lib'."
"Message",Normal,"          P/Invoke '#7' resolved to 'ws2_32.dll!#7' from 'C:\Program Files (x86)\Windows Kits\10\lib\10.0.15063.0\um\x86\WindowsApp.lib'."
"Message",Normal,"          P/Invoke 'RtlIpv6AddressToStringExW' resolved to 'ntdll.dll!RtlIpv6AddressToStringExW' from 'C:\Program Files (x86)\Windows Kits\10\lib\10.0.15063.0\um\x86\WindowsApp.lib'."
"Message",Normal,"          P/Invoke 'RtlIpv4AddressToStringExW' resolved to 'ntdll.dll!RtlIpv4AddressToStringExW' from 'C:\Program Files (x86)\Windows Kits\10\lib\10.0.15063.0\um\x86\WindowsApp.lib'."
"Message",Normal,"          P/Invoke 'BCryptFinishHash' resolved to 'bcrypt.dll!BCryptFinishHash' from 'C:\Program Files (x86)\Windows Kits\10\lib\10.0.15063.0\um\x86\WindowsApp.lib'."
"Message",Normal,"          P/Invoke 'BCryptHashData' resolved to 'bcrypt.dll!BCryptHashData' from 'C:\Program Files (x86)\Windows Kits\10\lib\10.0.15063.0\um\x86\WindowsApp.lib'."
"Message",Normal,"          P/Invoke 'NCryptOpenStorageProvider' resolved to 'ncrypt.dll!NCryptOpenStorageProvider' from 'C:\Program Files (x86)\Windows Kits\10\lib\10.0.15063.0\um\x86\WindowsApp.lib'."
"Message",Normal,"          P/Invoke 'WSASocketW' resolved to 'ws2_32.dll!WSASocketW' from 'C:\Program Files (x86)\Windows Kits\10\lib\10.0.15063.0\um\x86\WindowsApp.lib'."
"Message",Normal,"          P/Invoke '#2' resolved to 'ws2_32.dll!#2' from 'C:\Program Files (x86)\Windows Kits\10\lib\10.0.15063.0\um\x86\WindowsApp.lib'."
"Message",Normal,"          P/Invoke 'BCryptOpenAlgorithmProvider' resolved to 'bcrypt.dll!BCryptOpenAlgorithmProvider' from 'C:\Program Files (x86)\Windows Kits\10\lib\10.0.15063.0\um\x86\WindowsApp.lib'."
"Message",Normal,"          P/Invoke 'CoCreateInstance' with [DllImport(ExactSpelling=true)] resolved to 'api-ms-win-core-com-l1-1-0.dll!CoCreateInstance'."
"Message",Normal,"          P/Invoke '#7' resolved to 'ws2_32.dll!#7' from 'C:\Program Files (x86)\Windows Kits\10\lib\10.0.15063.0\um\x86\WindowsApp.lib'."
"Message",Normal,"          P/Invoke '#7' resolved to 'ws2_32.dll!#7' from 'C:\Program Files (x86)\Windows Kits\10\lib\10.0.15063.0\um\x86\WindowsApp.lib'."
"Message",Normal,"          P/Invoke '#7' resolved to 'ws2_32.dll!#7' from 'C:\Program Files (x86)\Windows Kits\10\lib\10.0.15063.0\um\x86\WindowsApp.lib'."
"Message",Normal,"          P/Invoke '#19' resolved to 'ws2_32.dll!#19' from 'C:\Program Files (x86)\Windows Kits\10\lib\10.0.15063.0\um\x86\WindowsApp.lib'."
"Message",Normal,"          P/Invoke 'BCryptDestroyHash' resolved to 'bcrypt.dll!BCryptDestroyHash' from 'C:\Program Files (x86)\Windows Kits\10\lib\10.0.15063.0\um\x86\WindowsApp.lib'."
"Message",Normal,"          P/Invoke 'BCryptCloseAlgorithmProvider' resolved to 'bcrypt.dll!BCryptCloseAlgorithmProvider' from 'C:\Program Files (x86)\Windows Kits\10\lib\10.0.15063.0\um\x86\WindowsApp.lib'."
"Message",Normal,"          P/Invoke '#115' resolved to 'ws2_32.dll!#115' from 'C:\Program Files (x86)\Windows Kits\10\lib\10.0.15063.0\um\x86\WindowsApp.lib'."
"Message",Normal,"          P/Invoke '#57' resolved to 'ws2_32.dll!#57' from 'C:\Program Files (x86)\Windows Kits\10\lib\10.0.15063.0\um\x86\WindowsApp.lib'."
"Message",Normal,"          P/Invoke '#5' resolved to 'ws2_32.dll!#5' from 'C:\Program Files (x86)\Windows Kits\10\lib\10.0.15063.0\um\x86\WindowsApp.lib'."
"Message",Normal,"          P/Invoke '#6' resolved to 'oleaut32.dll!#6' from 'C:\Program Files (x86)\Windows Kits\10\lib\10.0.15063.0\um\x86\WindowsApp.lib'."
"Message",Normal,"          P/Invoke 'CreateDirectoryW' resolved to 'api-ms-win-core-file-l1-2-1.dll!CreateDirectoryW' from 'C:\Program Files (x86)\Windows Kits\10\lib\10.0.15063.0\um\x86\WindowsApp.lib'."
"Message",Normal,"          P/Invoke 'DeleteFileW' resolved to 'api-ms-win-core-file-l1-2-1.dll!DeleteFileW' from 'C:\Program Files (x86)\Windows Kits\10\lib\10.0.15063.0\um\x86\WindowsApp.lib'."
"Message",Normal,"          P/Invoke 'GetFileType' resolved to 'api-ms-win-core-file-l1-2-1.dll!GetFileType' from 'C:\Program Files (x86)\Windows Kits\10\lib\10.0.15063.0\um\x86\WindowsApp.lib'."
"Message",Normal,"          P/Invoke 'FindNextFileW' resolved to 'api-ms-win-core-file-l1-2-1.dll!FindNextFileW' from 'C:\Program Files (x86)\Windows Kits\10\lib\10.0.15063.0\um\x86\WindowsApp.lib'."
"Message",Normal,"          P/Invoke 'CryptFindOIDInfo' resolved to 'crypt32.dll!CryptFindOIDInfo' from 'C:\Program Files (x86)\Windows Kits\10\lib\10.0.15063.0\um\x86\WindowsApp.lib'."
"Message",Normal,"          P/Invoke '#3' resolved to 'ws2_32.dll!#3' from 'C:\Program Files (x86)\Windows Kits\10\lib\10.0.15063.0\um\x86\WindowsApp.lib'."
"Message",Normal,"          P/Invoke '#10' resolved to 'ws2_32.dll!#10' from 'C:\Program Files (x86)\Windows Kits\10\lib\10.0.15063.0\um\x86\WindowsApp.lib'."
"Message",Normal,"          P/Invoke 'WSAEventSelect' resolved to 'ws2_32.dll!WSAEventSelect' from 'C:\Program Files (x86)\Windows Kits\10\lib\10.0.15063.0\um\x86\WindowsApp.lib'."
"Message",Normal,"          P/Invoke '#21' resolved to 'ws2_32.dll!#21' from 'C:\Program Files (x86)\Windows Kits\10\lib\10.0.15063.0\um\x86\WindowsApp.lib'."
"Message",Normal,"          P/Invoke 'GetFileInformationByHandleEx' resolved to 'api-ms-win-core-file-l2-1-1.dll!GetFileInformationByHandleEx' from 'C:\Program Files (x86)\Windows Kits\10\lib\10.0.15063.0\um\x86\WindowsApp.lib'."
"Message",Normal,"          P/Invoke 'FindFirstFileExW' resolved to 'api-ms-win-core-file-l1-2-1.dll!FindFirstFileExW' from 'C:\Program Files (x86)\Windows Kits\10\lib\10.0.15063.0\um\x86\WindowsApp.lib'."
"Message",Normal,"          P/Invoke 'GetFileAttributesExW' resolved to 'api-ms-win-core-file-l1-2-1.dll!GetFileAttributesExW' from 'C:\Program Files (x86)\Windows Kits\10\lib\10.0.15063.0\um\x86\WindowsApp.lib'."
"Message",Normal,"          P/Invoke 'CreateThreadpoolIo' resolved to 'api-ms-win-core-threadpool-l1-2-0.dll!CreateThreadpoolIo' from 'C:\Program Files (x86)\Windows Kits\10\lib\10.0.15063.0\um\x86\WindowsApp.lib'."
"Message",Normal,"          P/Invoke 'SetFilePointerEx' resolved to 'api-ms-win-core-file-l1-2-1.dll!SetFilePointerEx' from 'C:\Program Files (x86)\Windows Kits\10\lib\10.0.15063.0\um\x86\WindowsApp.lib'."
"Message",Normal,"          P/Invoke 'RemoveDirectoryW' resolved to 'api-ms-win-core-file-l1-2-1.dll!RemoveDirectoryW' from 'C:\Program Files (x86)\Windows Kits\10\lib\10.0.15063.0\um\x86\WindowsApp.lib'."
"Message",Normal,"          P/Invoke 'WSASocketW' resolved to 'ws2_32.dll!WSASocketW' from 'C:\Program Files (x86)\Windows Kits\10\lib\10.0.15063.0\um\x86\WindowsApp.lib'."
"Message",Normal,"          P/Invoke 'inflateInit2_' resolved to 'clrcompression.dll!inflateInit2_' from 'clrcompression.dll'."
"Message",Normal,"          P/Invoke 'deflateInit2_' resolved to 'clrcompression.dll!deflateInit2_' from 'clrcompression.dll'."
"Message",Normal,"          P/Invoke 'FormatMessageW' resolved to 'api-ms-win-core-localization-l1-2-1.dll!FormatMessageW' from 'C:\Program Files (x86)\Windows Kits\10\lib\10.0.15063.0\um\x86\WindowsApp.lib'."
"Message",Normal,"          P/Invoke 'inflate' resolved to 'clrcompression.dll!inflate' from 'clrcompression.dll'."
"Message",Normal,"          P/Invoke 'deflateEnd' resolved to 'clrcompression.dll!deflateEnd' from 'clrcompression.dll'."
"Message",Normal,"          P/Invoke 'inflateEnd' resolved to 'clrcompression.dll!inflateEnd' from 'clrcompression.dll'."
"Message",Normal,"          P/Invoke 'FindClose' resolved to 'api-ms-win-core-file-l1-2-1.dll!FindClose' from 'C:\Program Files (x86)\Windows Kits\10\lib\10.0.15063.0\um\x86\WindowsApp.lib'."
"Message",Normal,"          P/Invoke 'SetEndOfFile' resolved to 'api-ms-win-core-file-l1-2-1.dll!SetEndOfFile' from 'C:\Program Files (x86)\Windows Kits\10\lib\10.0.15063.0\um\x86\WindowsApp.lib'."
"Message",Normal,"          P/Invoke 'WSAGetOverlappedResult' resolved to 'ws2_32.dll!WSAGetOverlappedResult' from 'C:\Program Files (x86)\Windows Kits\10\lib\10.0.15063.0\um\x86\WindowsApp.lib'."
"Message",Normal,"          P/Invoke 'CreateFile2' resolved to 'api-ms-win-core-file-l1-2-1.dll!CreateFile2' from 'C:\Program Files (x86)\Windows Kits\10\lib\10.0.15063.0\um\x86\WindowsApp.lib'."
"Message",Normal,"          P/Invoke 'deflate' resolved to 'clrcompression.dll!deflate' from 'clrcompression.dll'."
"Message",Normal,"          P/Invoke 'FormatMessageW' resolved to 'api-ms-win-core-localization-l1-2-1.dll!FormatMessageW' from 'C:\Program Files (x86)\Windows Kits\10\lib\10.0.15063.0\um\x86\WindowsApp.lib'."
"Message",Normal,"          P/Invoke 'WSARecv' resolved to 'ws2_32.dll!WSARecv' from 'C:\Program Files (x86)\Windows Kits\10\lib\10.0.15063.0\um\x86\WindowsApp.lib'."
"Message",Normal,"          P/Invoke 'WSASend' resolved to 'ws2_32.dll!WSASend' from 'C:\Program Files (x86)\Windows Kits\10\lib\10.0.15063.0\um\x86\WindowsApp.lib'."
"Message",Normal,"          P/Invoke 'CancelThreadpoolIo' resolved to 'api-ms-win-core-threadpool-l1-2-0.dll!CancelThreadpoolIo' from 'C:\Program Files (x86)\Windows Kits\10\lib\10.0.15063.0\um\x86\WindowsApp.lib'."
"Message",Normal,"          P/Invoke 'CloseHandle' resolved to 'api-ms-win-core-handle-l1-1-0.dll!CloseHandle' from 'C:\Program Files (x86)\Windows Kits\10\lib\10.0.15063.0\um\x86\WindowsApp.lib'."
"Message",Normal,"          P/Invoke 'CloseThreadpoolIo' resolved to 'api-ms-win-core-threadpool-l1-2-0.dll!CloseThreadpoolIo' from 'C:\Program Files (x86)\Windows Kits\10\lib\10.0.15063.0\um\x86\WindowsApp.lib'."
"Message",Normal,"          P/Invoke 'CryptFormatObject' resolved to 'crypt32.dll!CryptFormatObject' from 'C:\Program Files (x86)\Windows Kits\10\lib\10.0.15063.0\um\x86\WindowsApp.lib'."
"Message",Normal,"          P/Invoke 'ReadFile' resolved to 'api-ms-win-core-file-l1-2-1.dll!ReadFile' from 'C:\Program Files (x86)\Windows Kits\10\lib\10.0.15063.0\um\x86\WindowsApp.lib'."
"Message",Normal,"          P/Invoke 'ReadFile' resolved to 'api-ms-win-core-file-l1-2-1.dll!ReadFile' from 'C:\Program Files (x86)\Windows Kits\10\lib\10.0.15063.0\um\x86\WindowsApp.lib'."
"Message",Normal,"          P/Invoke 'WriteFile' resolved to 'api-ms-win-core-file-l1-2-1.dll!WriteFile' from 'C:\Program Files (x86)\Windows Kits\10\lib\10.0.15063.0\um\x86\WindowsApp.lib'."
"Message",Normal,"          P/Invoke 'WriteFile' resolved to 'api-ms-win-core-file-l1-2-1.dll!WriteFile' from 'C:\Program Files (x86)\Windows Kits\10\lib\10.0.15063.0\um\x86\WindowsApp.lib'."
"Message",Normal,"          P/Invoke 'CryptFindOIDInfo' resolved to 'crypt32.dll!CryptFindOIDInfo' from 'C:\Program Files (x86)\Windows Kits\10\lib\10.0.15063.0\um\x86\WindowsApp.lib'."
"Message",Normal,"          P/Invoke '#21' resolved to 'ws2_32.dll!#21' from 'C:\Program Files (x86)\Windows Kits\10\lib\10.0.15063.0\um\x86\WindowsApp.lib'."
"Message",Normal,"          P/Invoke 'CancelIoEx' resolved to 'api-ms-win-core-io-l1-1-1.dll!CancelIoEx' from 'C:\Program Files (x86)\Windows Kits\10\lib\10.0.15063.0\um\x86\WindowsApp.lib'."
"Message",Normal,"          P/Invoke 'StartThreadpoolIo' resolved to 'api-ms-win-core-threadpool-l1-2-0.dll!StartThreadpoolIo' from 'C:\Program Files (x86)\Windows Kits\10\lib\10.0.15063.0\um\x86\WindowsApp.lib'."
"Message",Normal,"          P/Invoke 'FormatMessageW' resolved to 'api-ms-win-core-localization-l1-2-1.dll!FormatMessageW' from 'C:\Program Files (x86)\Windows Kits\10\lib\10.0.15063.0\um\x86\WindowsApp.lib'."
"Message",Normal,"          P/Invoke 'CryptDecodeObject' resolved to 'crypt32.dll!CryptDecodeObject' from 'C:\Program Files (x86)\Windows Kits\10\lib\10.0.15063.0\um\x86\WindowsApp.lib'."
"Message",Normal,"          P/Invoke 'FlushFileBuffers' resolved to 'api-ms-win-core-file-l1-2-1.dll!FlushFileBuffers' from 'C:\Program Files (x86)\Windows Kits\10\lib\10.0.15063.0\um\x86\WindowsApp.lib'."
"Message",Normal,"          P/Invoke 'RoGetBufferMarshaler' resolved to 'api-ms-win-core-winrt-robuffer-l1-1-0.dll!RoGetBufferMarshaler' from 'C:\Program Files (x86)\Windows Kits\10\lib\10.0.15063.0\um\x86\WindowsApp.lib'."
"Message",Normal,"          P/Invoke 'CertFreeCertificateContext' resolved to 'crypt32.dll!CertFreeCertificateContext' from 'C:\Program Files (x86)\Windows Kits\10\lib\10.0.15063.0\um\x86\WindowsApp.lib'."
"Message",Normal,"          P/Invoke 'NCryptImportKey' resolved to 'ncrypt.dll!NCryptImportKey' from 'C:\Program Files (x86)\Windows Kits\10\lib\10.0.15063.0\um\x86\WindowsApp.lib'."
"Message",Normal,"          P/Invoke 'NCryptGetProperty' resolved to 'ncrypt.dll!NCryptGetProperty' from 'C:\Program Files (x86)\Windows Kits\10\lib\10.0.15063.0\um\x86\WindowsApp.lib'."
"Message",Normal,"          P/Invoke 'NCryptSignHash' resolved to 'ncrypt.dll!NCryptSignHash' from 'C:\Program Files (x86)\Windows Kits\10\lib\10.0.15063.0\um\x86\WindowsApp.lib'."
"Message",Normal,"          P/Invoke 'NCryptVerifySignature' resolved to 'ncrypt.dll!NCryptVerifySignature' from 'C:\Program Files (x86)\Windows Kits\10\lib\10.0.15063.0\um\x86\WindowsApp.lib'."
"Message",Normal,"          P/Invoke 'NCryptOpenStorageProvider' resolved to 'ncrypt.dll!NCryptOpenStorageProvider' from 'C:\Program Files (x86)\Windows Kits\10\lib\10.0.15063.0\um\x86\WindowsApp.lib'."
"Message",Normal,"          P/Invoke 'NCryptSetProperty' resolved to 'ncrypt.dll!NCryptSetProperty' from 'C:\Program Files (x86)\Windows Kits\10\lib\10.0.15063.0\um\x86\WindowsApp.lib'."
"Message",Normal,"          P/Invoke 'FormatMessageW' resolved to 'api-ms-win-core-localization-l1-2-1.dll!FormatMessageW' from 'C:\Program Files (x86)\Windows Kits\10\lib\10.0.15063.0\um\x86\WindowsApp.lib'."
"Message",Normal,"          P/Invoke 'WSAIoctl' resolved to 'ws2_32.dll!WSAIoctl' from 'C:\Program Files (x86)\Windows Kits\10\lib\10.0.15063.0\um\x86\WindowsApp.lib'."
"Message",Normal,"          P/Invoke 'NCryptFreeObject' resolved to 'ncrypt.dll!NCryptFreeObject' from 'C:\Program Files (x86)\Windows Kits\10\lib\10.0.15063.0\um\x86\WindowsApp.lib'."
"Message",Normal,"          P/Invoke 'NCryptCreatePersistedKey' resolved to 'ncrypt.dll!NCryptCreatePersistedKey' from 'C:\Program Files (x86)\Windows Kits\10\lib\10.0.15063.0\um\x86\WindowsApp.lib'."
"Message",Normal,"          P/Invoke 'NCryptFinalizeKey' resolved to 'ncrypt.dll!NCryptFinalizeKey' from 'C:\Program Files (x86)\Windows Kits\10\lib\10.0.15063.0\um\x86\WindowsApp.lib'."
"Message",Normal,"          P/Invoke 'FormatMessageW' resolved to 'api-ms-win-core-localization-l1-2-1.dll!FormatMessageW' from 'C:\Program Files (x86)\Windows Kits\10\lib\10.0.15063.0\um\x86\WindowsApp.lib'."
"Message",High,"  Generating code..."
"Message",High,"  Interop code generated."
"Message",Normal,"  Written code to AssemblyInfo.g.cs"
"Message",Normal,"  Written code to Adapters.g.cs"
"Message",Normal,"  Written code to Data.g.cs"
"Message",Normal,"  Written code to Helpers.g.cs"
"Message",Normal,"  Written code to ImplTypes.g.cs"
"Message",Normal,"  Written code to PInvoke.g.cs"
"Message",Normal,"  Written code to SafeTypes.g.cs"
"Message",Normal,"  Written code to SharedStubs.g.cs"
"Message",Normal,"Running 'GenerateCodeAndCompile' transform, heap at 239 MB."
"Message",High,"Generating serialization code"
"Message",High,"Compiling interop code"
"Message",Normal,"Compiling generated source code: C:\Users\j.villanueva\.nuget\packages\microsoft.net.native.compiler\1.7.0\tools\x86\ilc\csc\csc.exe /noconfig @""C:\Users\j.villanueva\Source\Repos\SmartMirror\SmartMirror\SmartMirrorWinUniv\obj\x86\Release\ilc\intermediate\SmartMirrorWinUniv.McgInterop.rsp"""
"Message",High,"Generating System.Reflection.DispatchProxy proxy code."
"Message",Normal,"Running 'DumpNativeResources' transform, heap at 240 MB."
"Message",Normal,"Running 'ReducedCopyInitialize' transform, heap at 240 MB."
"Message",Normal,"Running 'ReducedCopyEmptyTypes' transform, heap at 265 MB."
"Message",Normal,"Running 'ReducedCopyPopulateTypes' transform, heap at 269 MB."
"Message",Normal,"Running 'ReducedCopyLateMetadata' transform, heap at 203 MB."
"Message",Normal,"Running 'ReducedCopyMethodBodies' transform, heap at 218 MB."
"Warning",,0,0,"ILTransform : warning ILT0005: Type 'System.Diagnostics.ProcessStartInfo' was not included in compilation, but was referenced in method 'LocalServerCodeReceiver.OpenBrowser(string)'. There may have been a missing assembly."
"Warning",,0,0,"ILTransform : warning ILT0003: Method 'LocalServerCodeReceiver.OpenBrowser(string)' will always throw an exception due to the missing method 'ProcessStartInfo..ctor(string, string)'. There may have been a missing assembly."
"Message",Normal,"Running 'ReducedCopyComplete' transform, heap at 243 MB."
"Message",Normal,"Running 'ReducedCopyCleanup' transform, heap at 274 MB."
"Message",Normal,"Running 'DeveloperExperienceModeOnlyCodeRemover' transform, heap at 274 MB."
"Message",Normal,"Running 'ComImportDetector' transform, heap at 284 MB."
"Message",Normal,"Running 'McgAccessor' transform, heap at 284 MB."
"Message",Normal,"Running 'McgRedirect' transform, heap at 285 MB."
"Message",Normal,"Running 'McgRedirect' transform, heap at 290 MB."
"Message",Normal,"Running 'McgTypeOf' transform, heap at 291 MB."
"Message",Normal,"Running 'ExceptionMiniaturizer' transform, heap at 298 MB."
"Message",Normal,"Running 'EventSource' transform, heap at 312 MB."
"Message",Normal,"Running 'ValueType' transform, heap at 312 MB."
"Message",Normal,"Running 'Attribute' transform, heap at 312 MB."
"Message",Normal,"Running 'GetType' transform, heap at 313 MB."
"Message",Normal,"Running 'McgFixups' transform, heap at 313 MB."
"Message",Normal,"Running 'ResourceManagerCtor' transform, heap at 314 MB."
"Message",Normal,"Running 'TypeofTypeHandle' transform, heap at 314 MB."
"Message",Normal,"Running 'DispatchProxyIntrinsics' transform, heap at 317 MB."
"Message",Normal,"Running 'StaticInitData' transform, heap at 318 MB."
"Message",Normal,"Running 'StartupCodeInjector' transform, heap at 327 MB."
"Message",Normal,"Running 'InjectAppContextSwitches' transform, heap at 327 MB."
"Message",Normal,"Running 'ImplementLibraryDynamicInvokeHelpers' transform, heap at 327 MB."
"Message",Normal,"Running 'Delegate' transform, heap at 327 MB."
"Message",Normal,"Running 'DelegateCtorCall' transform, heap at 334 MB."
"Message",Normal,"Running 'LazyGenerics' transform, heap at 337 MB."
"Message",Normal,"Running 'AddReflectionBlockedAttributes' transform, heap at 280 MB."
"Message",Normal,"Running 'DisableOptimization' transform, heap at 280 MB."
"Message",Normal,"Running 'CreateMetadata' transform, heap at 280 MB."
"Message",Normal,"Running 'SaveRVAStatics' transform, heap at 349 MB."
"Message",Normal,"Running 'ReflectionInvoke' transform, heap at 350 MB."
"Message",Normal,"Running 'ScrubOpenCalls' transform, heap at 354 MB."
"Message",Normal,"Running 'ConvertCatchIntoFilter' transform, heap at 354 MB."
"Message",Normal,"Running 'ReflectionMappingInfoEmit' transform, heap at 354 MB."
"Message",Normal,"Running 'ConvertManagedWinMD' transform, heap at 360 MB."
"Message",Normal,"Running 'Reducer' transform, heap at 360 MB."
"Message",High,"Cleaning up unreferenced code"
"Message",Normal,"Running 'WriteAssemblies' transform, heap at 370 MB."
"Message",Normal,""
"Message",Normal,"Transform summary"
"Message",Normal,"    ms | heap delta | name"
"Message",Normal,"  8876 |        154 | Analysis"
"Message",Normal,"  3967 |          1 | GenerateCodeAndCompile"
"Message",Normal,"  2952 |         85 | WriteAssemblies"
"Message",Normal,"  2527 |         10 | Reducer"
"Message",Normal,"   914 |         25 | ReducedCopyInitialize"
"Message",Normal,"   651 |         69 | CreateMetadata"
"Message",Normal,"   544 |          0 | Mcg"
"Message",Normal,"   394 |         25 | ReducedCopyMethodBodies"
"Message",Normal,"   309 |         31 | ReducedCopyComplete"
"Message",Normal,"   277 |        -66 | ReducedCopyPopulateTypes"
"Message",Normal,"   222 |        -57 | LazyGenerics"
"Message",Normal,"   128 |          7 | McgTypeOf"
"Message",Normal,"   119 |          5 | McgRedirect"
"Message",Normal,"    91 |          9 | StaticInitData"
"Message",Normal,"    77 |         15 | ReducedCopyLateMetadata"
"Message",Normal,"    76 |          1 | McgRedirect"
"Message",Normal,"    47 |         14 | ExceptionMiniaturizer"
"Message",Normal,"    45 |          3 | DelegateCtorCall"
"Message",Normal,"    44 |          3 | TypeofTypeHandle"
"Message",Normal,"    22 |          4 | ReducedCopyEmptyTypes"
"Message",Normal,"    21 |          1 | SaveRVAStatics"
"Message",Normal,"    21 |          7 | Delegate"
"Message",Normal,"    15 |          1 | DispatchProxyIntrinsics"
"Message",Normal,"    14 |          0 | GetType"
"Message",Normal,"    13 |          4 | ReflectionInvoke"
"Message",Normal,"    11 |         10 | DeveloperExperienceModeOnlyCodeRemover"
"Message",Normal,"    11 |          0 | ScrubOpenCalls"
"Message",Normal,"    10 |          6 | ReflectionMappingInfoEmit"
"Message",Normal,"     8 |          1 | McgAccessor"
"Message",Normal,"     7 |          0 | DumpNativeResources"
"Message",Normal,"     6 |          0 | ReducedCopyCleanup"
"Message",Normal,"     6 |          1 | McgFixups"
"Message",Normal,"     6 |          0 | ConvertCatchIntoFilter"
"Message",Normal,"     2 |          0 | EventSource"
"Message",Normal,"     2 |          1 | Attribute"
"Message",Normal,"     2 |          0 | StartupCodeInjector"
"Message",Normal,"     1 |          0 | ValueType"
"Message",Normal,"     0 |          0 | ConvertManagedWinMD"
"Message",Normal,"     0 |          0 | ResourceManagerCtor"
"Message",Normal,"     0 |          0 | ComImportDetector"
"Message",Normal,"     0 |          0 | AddReflectionBlockedAttributes"
"Message",Normal,"     0 |          0 | InjectAppContextSwitches"
"Message",Normal,"     0 |          0 | ImplementLibraryDynamicInvokeHelpers"
"Message",Normal,"     0 |          0 | DisableOptimization"
"Message",Low,"Done executing task ""RunILTransforms""."
"Message",Low,"Done building target ""RunILTransforms"" in file ""ILTransforms""."
"Message",Low,"Done building project ""ILTransforms""."
"Message",Low,""
"Message",Low,""
"Message",Low,"Done building target ""GenerateMDIL"" in file ""Nutc""."
"Message",Low,""
"Message",High,"Generating native code"
"Message",Low,"Done building target ""MDILPrepareMultiFile"" in file ""Nutc""."
"Message",Low,""
"Message",Low,"Done building target ""SetBinaryForReferences"" in file ""Nutc""."
"Message",Low,""
"Message",Low,"Task ""GenerateMDILGlobalAnalysis"""
"Message",Normal,"Launching 'C:\Users\j.villanueva\.nuget\packages\microsoft.net.native.compiler\1.7.0\tools\x86\ilc\Tools\nutc_driver.exe @""C:\Users\j.villanueva\Source\Repos\SmartMirror\SmartMirror\SmartMirrorWinUniv\obj\x86\Release\ilc\intermediate\MDIL\SmartMirrorWinUniv.rsp""'"
"Message",Low,"Microsoft (R) MDIL Compiler - Version 1.7.25531.01"
"Message",Low,"Copyright (c) Microsoft Corporation.  All rights reserved."
"Message",Low,"Scanning input types"
"Message",Low,"Scanning 18465 methods."
"Message",Low,"Scanning 4538 methods."
"Message",Low,"Scanning 2814 methods."
"Message",Low,"Scanning 1997 methods."
"Message",Low,"Scanning 2701 methods."
"Message",Low,"Scanning 1843 methods."
"Message",Low,"Scanning 1138 methods."
"Message",Low,"Scanning 940 methods."
"Message",Low,"Scanning 1137 methods."
"Message",Low,"Scanning 1045 methods."
"Message",Low,"Scanning 815 methods."
"Message",Low,"Scanning 585 methods."
"Message",Low,"Scanning 421 methods."
"Message",Low,"Scanning 228 methods."
"Message",Low,"Scanning 111 methods."
"Message",Low,"Scanning 55 methods."
"Message",Low,"Scanning 62 methods."
"Message",Low,"Scanning 25 methods."
"Message",Low,"Scanning 15 methods."
"Message",Low,"Scanning 6 methods."
"Message",Low,"Scanning 1 methods."
"Message",Low,"Scanning 1 methods."
"Message",Low,"Eager code generation"
"Message",Low,"Compiling 38943 methods."
